{
  "r2": 0.9678,
  "mae": 2313.27,
  "rmse": 4116.44,
  "cv_r2_mean": 0.9685,
  "cv_r2_std": 0.0013,
  "train_size": 18008,
  "test_size": 4503,
  "feature_importance": {
    "class_Economy": 0.5124701454998619,
    "class_Business": 0.378163960926605,
    "duration": 0.05149114471663048,
    "days_left": 0.015396817435111936,
    "airline_Air_India": 0.008034981070330204,
    "airline_Vistara": 0.0031215391571919825,
    "source_city_Delhi": 0.0027238388628291884,
    "destination_city_Delhi": 0.0026322617397080816,
    "destination_city_Mumbai": 0.0023745857384560027,
    "destination_city_Kolkata": 0.0019690757546411562,
    "source_city_Mumbai": 0.0018785693859217595,
    "source_city_Kolkata": 0.001766033376182164,
    "destination_city_Hyderabad": 0.0017053192367908706,
    "source_city_Hyderabad": 0.0015815165291495211,
    "arrival_time_Evening": 0.0014898475161930988
  }
}